smiles,y,p_graph,p_ecfp,p_desc
O1CCC(CC1)CNC(=O)C(Cc1cc2cc(ccc2nc1N)-c1ccccc1C)C,1,0.442727,0.912200,0.691900
O1c2ncc(cc2C([NH2+]CC(O)C2NC(=O)C=3C=CC(=O)N(CCCCc4cc(C2)ccc4)C=3)CC12CCC2)CC(C)(C)C,1,0.711351,0.852427,0.804650
O1c2ncc(cc2C([NH2+]CC(O)C(NC(=O)COC)Cc2cc(ccc2)-c2occn2)CC12CCC2)CC(C)(C)C,1,0.717564,0.991600,0.965800
O1c2ncc(cc2C([NH2+]CC(O)C(NC(=O)COC)Cc2cc(ccc2)-c2ncccc2)CC12CCC2)CC(C)(C)C,1,0.659369,0.982000,0.892600
S1(=O)(=O)N(c2cc(cc3n(cc(CC1)c23)CC)C(=O)NC([C@H](O)C[NH2+]C1CC1)Cc1ccccc1)C,1,0.693680,0.954133,0.977733
Fc1cc(cc(F)c1)CC(NC(=O)C)C(O)C[NH2+]C1(CC\C(=N\O)\CC1)c1cc(ccc1)C(C)(C)C,1,0.422315,0.255300,0.365800
S1(=O)(=O)N(c2cc(cc3c2n(cc3CC)C1)C(=O)NC(Cc1ccccc1)C(O)C[NH2+]Cc1cc(OC)ccc1)C,1,0.694481,0.909500,0.797533
S1(Oc2cc(cc3c2n(cc3CC)CC1)C(=O)NC([C@H](O)C[NH2+]Cc1cc(ccc1)C(F)(F)F)Cc1ccccc1)(=O)=O,1,0.767183,0.876580,0.697220
S1(=O)(=O)CC(Cc2cc(OC(C(F)(F)F)C(F)(F)F)c(N)c(F)c2)C(O)C([NH2+]Cc2noc(c2)CC(C)(C)C)C1,1,0.843078,0.607473,0.810450
S(=O)(=O)(N(C)c1cc(cc(c1)C(=O)NC(C)c1ccc(F)cc1)-c1oc(cn1)C([NH3+])(Cc1ccccc1)C)C,1,0.389013,0.097533,0.096267
s1cc(nc1)-c1cc(ccc1)CC(NC(=O)COC)C(O)C[NH2+]C1CC2(Oc3ncc(cc13)CC(C)(C)C)CCC2,1,0.714883,0.982600,0.988600
Fc1c2c(ccc1)C(N=C2N)(C=1C=C(C)C(=O)N(C=1)C)c1cc(ccc1)C#CC1CC1,1,0.791439,0.743104,0.526380
S1(=O)(=O)CC(Cc2cc(OC(C(F)(F)F)C(F)(F)F)c(N)c(F)c2)C(O)C([NH2+]Cc2cc3c(COC3(C)C)cc2)C1,1,0.814788,0.713320,0.848620
S(=O)(=O)(N(c1cc(cc(N2CCCC2=O)c1)C(=O)NC(Cc1ccccc1)C(O)C[NH2+]Cc1cc(ccc1)C(F)(F)F)c1ccccc1)C,1,0.631370,0.891997,0.711413
O1c2c(cc(cc2)CC)C([NH2+]CC(O)C2NC(=O)C=3C=C(c4ncccc4)C(=O)N(CCCCc4cc(C2)ccc4)C=3)CC12CCC2,1,0.620776,0.553227,0.656053
Fc1cc(cc(F)c1)CC(NC(=O)C(N1CCC(NC(=O)C)(C(CC)C)C1=O)CCc1ccccc1)C(O)C1[NH2+]CC(Oc2cccnc2)C1,1,0.550554,0.877604,0.815667
s1cncc1-c1cc(ccc1)CC(NC(=O)COC)C(O)C[NH2+]C1CC2(Oc3ncc(cc13)CC(C)(C)C)CCC2,1,0.720952,0.987600,0.970800
S1(=O)(=O)N(c2cc(cc3n(cc(CC1)c23)CC)C(=O)NC([C@H](O)CNc1ccccc1)Cc1ccccc1)C,1,0.478592,0.839267,0.428600
S(=O)(=O)(N(c1cc(cc(c1)C(=O)NC(Cc1ccccc1)C(O)C[NH2+]Cc1cc(ccc1)C(F)(F)F)C1CCCC1)c1ccccc1)C,1,0.579672,0.843300,0.679487
O1c2ncc(cc2C([NH2+]CC(O)C2NC(=O)C=3C=CC(=O)N(CCCc4cc(C2)ccc4)C=3)CC12CCC2)CC(C)(C)C,1,0.720621,0.854827,0.827900
Fc1cc(cc(F)c1)CC(NC(=O)C(N1CCC(NC(=O)C)(C(CC)C)C1=O)CCc1ccccc1)C(O)C1[NH2+]CC(Oc2ncccc2)C1,1,0.475423,0.918001,0.799867
Fc1cc(cc(F)c1)CC(NC(=O)C(N1CCC(NC(=O)C)(C(CC)C)C1=O)CCc1ccccc1)C(O)C1[NH2+]CC(Oc2ccccc2)C1,1,0.432707,0.909735,0.850080
O1c2c(cc(cc2)CC)C([NH2+]CC(O)C2NC(=O)C=3C=C(N4CCCC4)C(=O)N(CCCCc4cc(C2)ccc4)C=3)CC12CCC2,1,0.675207,0.570567,0.661317
Fc1c2c(ccc1)C(N=C2N)(C=1C=C(C)C(=O)N(C=1)CC)c1cc(NC(=O)c2ncccc2)ccc1,1,0.617247,0.606739,0.720300
Fc1cc(cc(F)c1)CC(NC(=O)C(N1CCC(NC(=O)C)(C(CC)C)C1=O)CCc1ccccc1)C(O)C1[NH2+]CC(OCc2ncccc2)C1,1,0.488633,0.937293,0.882867
Fc1cc(cc(F)c1)CC(NC(=O)C(N1CCC(NC(=O)C)(C(CC)C)C1=O)CCc1ccccc1)C(O)C1[NH2+]CC(OCc2cccnc2)C1,1,0.585135,0.907977,0.864767
O1CCCCOc2cc(CC(NC(=O)c3cc(N4CCCC4=O)cc1c3)C(O)C[NH2+]C1(CC1)c1cc(ccc1)C(C)C)ccc2,1,0.540331,0.767487,0.620650
Oc1ccc(cc1C1CCCCC1)CC[NH3+],1,0.534316,0.502750,0.365033
s1cc(cc1)-c1cc2c(nc(N)cc2)cc1,1,0.163335,0.315740,0.223000
O=C(N(C)C1CCCCC1)CCc1cc2c(nc1N)cccc2,1,0.515644,0.249327,0.040400
O=C(NCC1CCCCC1)CCc1cc2c(nc1N)cccc2,1,0.295958,0.498400,0.066400
O=C1NC(CN1Cc1ccccc1)(Cc1ccccc1)C(=O)NC(Cc1ccccc1)C(O)C[NH2+]Cc1cc(N(C)C)ccc1,1,0.288627,0.360997,0.397580
O=C1N(C)C(=[NH2+])NC1(c1ccccc1)c1ccccc1,1,0.139640,0.110002,0.170317
O(c1cc2CN(C(CCC(=O)N(C)C3CCCCC3)C3CCCCC3)C(=[NH+]c2cc1)N)c1ccccc1,1,0.344741,0.216374,0.412183
O=C1N(C)C(=[NH2+])NC1(c1cc(ccc1)-c1cccnc1)c1ccccc1,1,0.274629,0.270496,0.460630
O(C)c1cc(ccc1)CN1CC(NC1=O)C(=O)NC(Cc1ccccc1)C(O)C[NH2+]Cc1cc(N(C)C)ccc1,1,0.564291,0.359583,0.254000
O(C)c1cc(ccc1)-c1cc(ccc1)C1(NC(=[NH2+])N(C)C1=O)c1ccccc1,1,0.285226,0.190079,0.317437
s1c(ccc1-c1cc(C#N)c(F)cc1)C12N=C(N)N(C)C(=O)C1CN(C2)c1ccccc1,1,0.649862,0.498810,0.593997
s1cc(cc1C1(N=C(N)N(C)C(=O)C1)C)-c1cc(ccc1)C#N,1,0.731772,0.614760,0.121750
Fc1ccc(NC(=O)C(CC([NH3+])C(NC(=O)c2cc(ccc2)C(=O)N(CCC)CCC)Cc2ccccc2)C)cc1,1,0.508516,0.281127,0.190007
O1CCCCCCNC(=O)CC(NC(=O)C(NC1=O)C(C)C)C(=O)NC(C(O)CC(C(=O)NC(C(C)C)C(=O)NCc1ccccc1)C)CC(C)C,1,0.336227,0.381960,0.426550
O=C(c1cc2CN(CCC(=O)N(C)C3CCCCC3)C(=[NH+]c2cc1)N)c1ccccc1,1,0.480134,0.191653,0.240900
s1cc(cc1C12N=C(N)N(C)C(=O)C1CN(C2)C(=O)c1ccccc1)-c1cc(ccc1)C#N,1,0.678829,0.713773,0.617603
S(=O)(=O)(N(C)c1cc(cc(c1)C(=O)NC(Cc1ccccc1)C(O)C[NH2+]Cc1cc(OC)ccc1)C(=O)NC(C)c1ccccc1)C,1,0.419105,0.527617,0.582433
Clc1cc(sc1C1(NC(=[NH2+])N(C)C(=O)C1)C)-c1cc(cnc1)C#CC,1,0.800262,0.497557,0.315833
S(=O)(=O)(N(C)c1cc(cc(c1)C(=O)NC(C(O)CC(C(=O)NC(C(C)C)C(=O)NC(C)C)C)CC(C)C)C(=O)NC(C)c1ccccc1)C,1,0.413162,0.533183,0.317653
S(=O)(=O)(N1CC([NH2+]CC1)C(O)C(NC(=O)c1cc(cc(c1)C)C(=O)N1CCCC1COC)Cc1cc(F)cc(F)c1)c1cc(ccc1)C,1,0.730490,0.545200,0.572464
Fc1cc(cc(F)c1)CC(NC(=O)c1cc(cc(c1)C)C(=O)N1CCCC1COC)C(O)C1[NH2+]CC(Oc2ccccc2)C1,1,0.693538,0.578019,0.842407
S(=O)(=O)(CC(NC(OCn1nc(cc1C)C)=O)C(=O)NC(C(O)CC(C(=O)NC(C(C)C)C(=O)NCC(C)C)C)CC(C)C)C,1,0.432552,0.382217,0.302223
OC(C(NC(=O)C(NC(=O)C(NC(=O)C(NC(=O)C(NC(=O)C(NC(=O)C([NH3+])Cc1c2c([nH]c1)cccc2)Cc1c2c([nH]c1)cccc2)CO)CCC(=O)[O-])C(C)C)CC(=O)N)CC(C)C)CC(C(=O)NC(C(=O)NC(CCC(=O)[O-])C(=O)NC(Cc1ccccc1)C(=O)[O-])C)C,1,0.318992,0.763383,0.670567
O=C1NC(=NC(=C1)CCC)N,0,0.275437,0.172167,0.429633
O1CC[NH+](CC1)CC(O)COc1cc(ccc1C)C,0,0.622927,0.254673,0.165623
n1c2c(ccc1N)cccc2,0,0.078409,0.186760,0.555200
n1ccc2c(cccc2)c1N,0,0.101443,0.105393,0.542000
Clc1cc(ccc1)CCc1cccnc1N,0,0.182829,0.151100,0.129600
n1c2c(nc(N)c1N1CCCC1)cccc2,0,0.440895,0.197683,0.068200
Fc1ccc(cc1)CC1CC[NH2+]CC1,0,0.361772,0.167017,0.327240
n1cccc(NCc2ccccc2)c1N,0,0.089297,0.077500,0.146400
o1cccc1C[N@H+](Cc1cc(ccc1)CCc1cccnc1N)C,0,0.369674,0.243917,0.056700
O=C1NC(=NC(=C1)CCc1cc2[nH]ccc2cc1)N,0,0.121394,0.189417,0.034600
O1CCC(OC(=O)[C@@H]2[NH2+]C[C@]3(C2)c2c(NC3=O)cccc2)CC1,0,0.388971,0.079200,0.057933
[NH+]=1[C@](N=C(c2ccccc2)C=1N)(C)c1cc(ccc1)-c1cccnc1,0,0.123209,0.069757,0.127333
O1[C@@H]2COCC[C@@]2(N=C1N)c1cc(ccc1)-c1cncnc1,0,0.347225,0.024667,0.053900
[nH]1c2cc(ccc2cc1)CCc1nc(N)ccc1,0,0.100054,0.113500,0.143800
S1CC[C@@](N=C1N)(C)c1ccc(OC)cc1,0,0.149769,0.061300,0.010600
O=C([O-])[C@@H](\[NH+]=C\1/NC(Cc2c/1cccc2)(C)C)Cc1ccccc1,0,0.101380,0.112767,0.032260
Clc1cc2nc(n(c2cc1)CCCC(=O)N(C)C1CCCCC1)N,0,0.474260,0.085700,0.009600
O(C(=O)[C@@H]1[NH2+]C[C@]2(C1)c1c(NC2=O)cccc1)C1(CCCCC1)C#N,0,0.613070,0.088283,0.093337
O(C)c1cc(ccc1)-c1cc(ccc1)CCc1nc(N)ccc1,0,0.157111,0.044167,0.084200
S(=O)(=O)(Nc1cc(Nc2ncnc(c2)-c2ccccc2)ccc1C)C,0,0.130392,0.250907,0.130997
Brc1cc2c(SCC[C@@H]2OC(=O)[C@@H]2[NH2+]C[C@]3(C2)c2c(NC3=O)cccc2)cc1,0,0.265860,0.242533,0.163093
O=C1N(C)C(N[C@](C1)(C)[C@@H]1C[C@H]1c1ccccc1)=N,0,0.122862,0.120450,0.045567
[nH]1c2cc(ccc2cc1)-c1cc(ccc1)CNc1cccnc1N,0,0.142300,0.119717,0.076700
Clc1cc2nc(n(c2cc1)[C@H](CC(=O)NC1C2CC3CC1CC(C2)C3)CC)N,0,0.214842,0.108917,0.249290
O(C)c1ccc(cc1)[C@@]1([NH+]=C(N)CC1)c1cc(ccc1)-c1cncnc1,0,0.305384,0.198180,0.075900
O=C1N(Cc2ccc(cc2)CNC(=O)Nc2ccc(cc2)C#N)C(N[C@@]1(CC(C)C)C)=N,0,0.428061,0.272750,0.245233
Clc1cc(ccc1)-c1cc(ccc1)[C@@]1(OCCC(=[NH+]1)N)C,0,0.114150,0.075603,0.036150
O(Cc1ncccc1)c1ccc(cc1CNc1cccnc1N)-c1cc2[nH]ccc2cc1,0,0.145959,0.231592,0.284900
Brc1cc2c(S(=O)(=O)CC[C@@H]2OC(=O)[C@@H]2[NH2+]C[C@]3(C2)c2c(NC3=O)cccc2)cc1,0,0.312904,0.195567,0.379243
O=C(NC(=[NH2+])N)Cn1c(ccc1-c1ccccc1)-c1ccccc1,0,0.086061,0.077567,0.158997
O(C)c1ccc(cc1)[C@@]1([NH+]=C(N)[C@H](OC)C1)c1cc(ccc1)-c1cccnc1,0,0.242387,0.153617,0.173100
Fc1cc(N2C3(CC[NH+](CC3)Cc3ccc(NC(=O)C)cc3)C(=NC2=O)NC2CCCCC2)ccc1,0,0.197548,0.235877,0.240483
S(=O)(=O)(CCCCC)c1cc(ccc1)C(=O)N[C@H]([C@H](O)C[NH2+][C@H](C(=O)NC1CCCCC1)C)Cc1ccccc1,0,0.500981,0.111400,0.322330
S(=O)(=O)(N(C)c1nc2CC[C@@H](CCc3cc(C[C@]([NH3+])(C)C(OCc(c1)c2)=O)ccc3)C)C,0,0.523717,0.238167,0.386953
S(Oc1cc(cc(OCC(=O)NCCCCC[NH3+])c1)C(=O)N[C@H](C)c1ccc(F)cc1)(=O)(=O)Cc1ccccc1,0,0.326184,0.287083,0.225217
Fc1cc(cc(F)c1)C[C@H](NC(=O)c1cc(cc(c1)C)C(=O)N(CCC)CCC)[C@H](O)[C@@H]1[NH2+]CCN(C1)C(=O)c1ccccc1,0,0.734719,0.656898,0.640830
Clc1cc(cc(Cl)c1NC(=O)C)C\N=C(\NC(=O)Cn1c2c(cccc2)cc1)/N,0,0.237424,0.168067,0.249533
Brc1cc(ccc1O)C[C@@H]1CS(=O)(=O)C[C@H]([NH2+]Cc2cc(ccc2)C2CC2)[C@H]1O,0,0.326421,0.146080,0.141467
Clc1cc2CC([NH+]=C(N[C@@H](Cc3ccccc3)C3=NOC(=O)[N-]3)c2cc1)(C)C,0,0.160371,0.059960,0.057114
Clc1ccccc1-c1n(CC(=O)NC(=[NH2+])N)c(cc1)-c1ccc(Oc2ccc(cc2)C(=O)C)cc1,0,0.152857,0.165267,0.389654
s1c2c(nc1C)C(=[NH+][C@@]2(c1cc(ccc1)-c1cncnc1)c1ccc(OC)cc1)N,0,0.478118,0.276483,0.357173
O=C1N(C)C(N[C@@]1(CC1CCCCC1)CCC1CCCCC1)=N,0,0.230999,0.092533,0.148100
Brc1cc(ccc1)C(=O)Nc1ccc(cc1)-c1n(CC(=O)NC(=[NH2+])N)c(cc1)-c1ccccc1,0,0.115365,0.165020,0.379621
O=C1N[C@@H](C[C@@H](CCCCCCCC(=O)N[C@H]1C)C)[C@@H](O)C[C@H](C(=O)NCCCC)C,0,0.423299,0.147597,0.154680
Clc1ccccc1-c1scc(-c2ccc(OCCC)cc2)c1CC(=O)NC(=[NH2+])N,0,0.249231,0.254887,0.293233
Clc1cc2CC([NH+]=C(N[C@@H](Cc3ccccc3)C=3NC(=O)C(=CN=3)C#N)c2cc1)(C)C,0,0.376306,0.089507,0.157033
Clc1cc2CC([NH+]=C(N[C@@H](Cc3cscc3-c3cn[nH]c3)C(=O)[O-])c2cc1)(C)C,0,0.263256,0.107423,0.126260
Clc1ccc(nc1)C(=O)Nc1cc(ccc1)[C@]1([NH+]=C(N)CN(C)C1=O)C,0,0.362242,0.085077,0.151150
FC(F)(F)c1cc(ccc1)C[NH2+]C[C@@H](O)[C@@H](NC(=O)c1cc(N2CCCC2=O)c2nccc(c2c1)CC)Cc1ccccc1,0,0.753726,0.878067,0.836567
O=C(NC[C@H]([NH3+])C(=O)N[C@@H](C(C)C)C(=O)N[C@@H](CC(C)C)C(=O)NC[C@](O)(CCc1ccccc1)C(=O)Nc1cc(ccc1)C(=O)[O-])c1nnn[n-]1,0,0.404747,0.421843,0.450803
S1C[C@H](NC(=O)[C@@H](NC(=O)[C@@H]2[NH2+]CCC[C@@H]2SC\C=C\C1)C)[C@@H](O)C[C@H](C(=O)NCCCC)C,0,0.460621,0.244000,0.411283
O(C(=O)[C@H]1N(CCC1)C(=O)[C@H](N(C(=O)[C@@H](NC(=O)[C@@H](NC(=O)C[C@H](O)[C@@H](NC(=O)[C@@H](N(C(=O)[C@@H](NC(=O)[C@@H](O)C)C(C)C)C)CCC(=O)N)CC1CCCCC1)CC(C)C)C)C)CC1CCCCC1)C,0,0.605375,0.337160,0.541033
O=C1N(CCC1)c1cc(cc(NCC)c1)C(=O)N[C@H]([C@H](O)C[NH2+]C1CCCCC1)Cc1ccccc1,0,0.561805,0.613600,0.307433
Clc1cc2CC([NH+]=C(N[C@@H](Cc3ccccc3)C=3NC(=O)c4c(N=3)ccnc4)c2cc1)(C)C,0,0.184795,0.073687,0.255680
S1C[C@H](NC(OC(C)(C)C)=O)C(=O)N[C@@H](C)C(=O)N[C@@H](CSC\C=C\C1)[C@@H](O)C[C@H](C(=O)N[C@@H](C(C)C)C(=O)NCCCC)C,0,0.353006,0.314860,0.413947
S1(=O)(=O)C[C@@H](Cc2cc(C[C@@H]3N(CCC)C(OC3)=O)c(O)cc2)[C@H](O)[C@@H]([NH2+]Cc2cc(ccc2)C(C)C)C1,0,0.566938,0.096880,0.643833
S1(=O)(=O)C[C@@H](Cc2cc(F)c3NCC4(CCC(F)(F)CC4)c3c2)[C@H](O)[C@@H]([NH2+]Cc2cc(ccc2)C(C)(C)C)C1,0,0.678729,0.434910,0.585090
S(=O)(=O)(N[C@@H]1C[C@H](C[C@@H](C1)C(=O)N[C@H]([C@@H](O)CC(=O)N[C@@H](CC(C)C)C(=O)N[C@H](C(=O)N([C@H](CC1CCCCC1)C(=O)N1CCC[C@H]1C(OC)=O)C)C)CC1CCCCC1)C(=O)N[C@H](C)C1CCCCC1)C,0,0.382712,0.291713,0.529800
Fc1cc(cc(F)c1)C[C@H](NC(=O)c1cc(cc(c1)C)C(=O)N(CCC)CCC)[C@H](O)[C@@H]1[NH2+]CC[N@@H+](C1)Cc1ccccc1,0,0.722752,0.621176,0.578800
S(=O)(=O)(C(CCC)CCC)C[C@@H](NC(OCc1ccccc1)=O)C(=O)N[C@H]([C@H](O)C[NH2+]Cc1cc(OC)ccc1)Cc1ccccc1,0,0.368441,0.442340,0.513350
S(=O)(=O)(N(C)c1cc(cc(c1)C(=O)N[C@H]([C@H](O)C[NH2+]C1CC1)Cc1ccccc1)C(=O)c1ccccc1)C,1,0.464122,0.335850,0.207067
Clc1ccc(nc1)C(=O)Nc1cc([C@]2([NH+]=C(N)[C@@H]3[C@H](C2)C3)C)c(F)cc1,1,0.347856,0.500575,0.323048
[NH+]=1[C@](N=C(C)C=1N)(C1CC1)c1cc(ccc1)-c1cc(cnc1)C#CC,1,0.712722,0.582588,0.331367
O1C[C@H](NC(=O)c2cc(cc(c2)[C@@H](O)[NH2+][C@H](C\C=C\C1)c1ccccc1)C)[C@H](O)C[NH2+]Cc1cc(ccc1)C(C)C,1,0.585672,0.183237,0.364220
FC(F)(F)c1cc(ccc1)C[NH2+]C[C@@H](O)[C@@H](NC(=O)C=1C=C(N2CCCC2=O)C(=O)N(C=1)C1CCCC1)Cc1ccccc1,1,0.753776,0.667997,0.600770
O=C(N)CC[C@H](N(C(=O)[C@@H](NC(=O)[C@@H](O)C)C(C)C)C)C(=O)N[C@H]([C@@H](O)CC(=O)N[C@@H](CC(C)C)C(=O)N[C@H](C(=O)N([C@H](CC1CCCCC1)C(=O)[O-])C)C)CC1CCCCC1,1,0.511999,0.299357,0.633350
S(=O)(=O)(N(C)c1cc(cc(c1)C(=O)N[C@H]([C@H](O)[C@@H]1[NH2+]C(N(C)C1=O)(C)C)Cc1ccccc1)C(=O)N[C@H](C)c1ccc(F)cc1)C,1,0.458058,0.259983,0.473417
Fc1cc(cc(F)c1)C[C@H](NC(=O)C)[C@H](O)C[NH2+]C1(CCCCC1)c1cc(-n2nccc2)ccc1,1,0.269638,0.018800,0.051000
S(=O)(=O)(N(C)c1cc(cc(c1)C(=O)N[C@H]([C@@H](O)CC(=O)N[C@@H](CC(C)C)C(=O)N[C@H](C(=O)N([C@H](Cc1ccccc1)C(=O)N1CCC[C@H]1C(OC)=O)C)C)Cc1ccccc1)C(=O)N[C@H](C)c1ccccc1)C,1,0.364510,0.344950,0.597840
O=C1N(CC[C@]12[N@H+](CCC2)CCC)[C@H](C(=O)N[C@H]([C@H](O)C[NH2+]Cc1cc(ccc1)C(C)C)Cc1ccccc1)C,1,0.544939,0.516489,0.406650
O(C(C)(C)C)C(=O)N[C@@H](C(C)C)C(=O)N([C@@H](CCC(=O)N)C(=O)N[C@H]([C@@H](O)CC(=O)N[C@@H](CC(C)C)C(=O)N[C@H](C(=O)N([C@H](Cc1ccccc1)C(=O)N1CCC[C@@H]1C(OC)=O)C)C)Cc1ccccc1)C,1,0.452038,0.347423,0.544433
Clc1cc(cc(Cl)c1NC(=O)C)CNC(NC(=O)Cn1c2cc(ccc2cc1)C#N)=N,1,0.544480,0.724617,0.574667
O=C(N[C@H]([C@H](O)C[NH2+][C@H]1CC(Cc2nn(cc12)CC(C)(C)C)(C)C)Cc1ccccc1)C,1,0.553610,0.283667,0.261800
Fc1c(cccc1OC)-c1cc(ccc1)[C@]1([NH+]=C(N2CC(F)(F)CN=C12)N)c1ccncc1,1,0.650303,0.565272,0.734850
O=C(N[C@H](C(=O)[O-])C)[C@@H]1CCC[C@H]1[C@H](O)[C@@H](NC(=O)[C@@H](NC(=O)[C@@H](NC(=O)[C@@H]([NH3+])CCC(=O)[O-])C(C)C)CC(=O)N)CC(C)C,1,0.504714,0.589523,0.474517
S(=O)(=O)(N(C)c1cc(cc(c1)C(=O)N[C@H]([C@@H](O)CC(=O)N[C@@H](C(C)C)C(=O)Nc1cc(cc(c1)C(=O)[O-])C(=O)[O-])COc1cc(F)cc(F)c1)C(=O)N[C@H](C)c1ccccc1)C,1,0.538595,0.519600,0.641283
O1c2c(cc(cc2)CC)[C@@H]([NH2+]C[C@@H](O)[C@H]2NC(=O)CCCCCCCc3cc(C2)ccc3)CC12CCC2,1,0.495517,0.508900,0.503880
O=C1N(CCC1)c1cc(cc(NCC)c1)C(=O)N[C@H]([C@H](O)C[NH2+]C(CCCC(C)C)(C)C)Cc1ccccc1,1,0.589389,0.622183,0.412433
O=C1N[C@@H](C[C@@H](CCCCCCCCC(=O)N(C)[C@H]1C)C)[C@H](O)C[NH2+]Cc1cc(ccc1)C(C)C,1,0.627474,0.399887,0.227360
O1Cc2cc(cc(c2)C(=O)N[C@H](CCc2cc(C[C@]([NH3+])(C)C1=O)ccc2)c1ccccc1)-c1ccccc1C#N,1,0.563918,0.289183,0.288803
O=C1N(Cc2ccc(cc2)CN2C[C@@H](NC2=O)CCC)C(N[C@@]1(CC1CCCCC1)CCC1CCCCC1)=N,1,0.309472,0.125390,0.266500
S1(=O)(=O)N(c2cc(cc3N(CCN(CC1)c23)CC)C(=O)N[C@H]([C@H](O)C[NH2+]Cc1cc(OC)ccc1)Cc1ccccc1)C,1,0.669255,0.805250,0.714633
O(C)c1cc(ccc1)C[NH2+]C[C@@H](O)[C@@H](NC(=O)c1cc(N2CCCC2=O)c2c(n(cc2)CC)c1)CC=1CCC=CC=1,1,0.674206,0.515400,0.503177
O1c2c(cc(cc2)CC)[C@@H]([NH2+]C[C@@H](O)[C@H]2NC(=O)CCCCCCc3cc(C2)ccc3)CC12CCC2,1,0.512612,0.508900,0.493800
S(=O)(=O)(N(C)c1cc(cc(c1)C(=O)N[C@H]([C@H](O)C[NH2+]C1CC1)Cc1ccccc1)C(=O)N[C@H](C)c1ccccc1)C,1,0.361049,0.304833,0.274540
Fc1cc(cc(F)c1)C[C@H](NC(=O)C)[C@H](O)C[NH2+][C@]1(CCc2n[nH]cc2C1)c1cc(ccc1)C(C)(C)C,1,0.449927,0.358467,0.460800
O(C)c1c(cc(cc1C)[C@@]1([NH+]=C(N)C(=N1)C)c1cc(ccc1)-c1cncnc1)C,1,0.644434,0.236581,0.289203
S(=O)(=O)(N(C)c1cc(cc(c1)C(=O)N[C@H](C)c1ccc(F)cc1)-c1oc(nn1)[C@]([NH3+])(Cc1ccccc1)C)C,1,0.390129,0.059050,0.062017
s1cc(cc1)C[C@H](NC(=O)c1cc(nc(NC[C@H]2C[C@@H]2C)c1)N(S(=O)(=O)C)C)[C@@H]([NH3+])CCCC,1,0.512222,0.283140,0.460030
S(CC[C@H](NC(=O)[C@@H](NC(=O)C)CC(C)C)C(=O)N[C@H]([C@@H](O)[C@@H]1CC(=O)C[C@H]1C(=O)N[C@@H](C(C)C)C(=O)[NH2+]CCCC)CC(C)C)C,1,0.587425,0.454437,0.540333
s1c2OC(C[C@H]([NH2+]C[C@@H](O)[C@@H](NC(=O)C)Cc3ccccc3)c2cc1CC(C)(C)C)(C)C,1,0.487990,0.270870,0.281800
Clc1cc2CC([NH+]=C(N[C@@H](C[C@H]3[C@H](SC=C3c3cn[nH]c3)CCC)C(=O)[O-])c2cc1)(C)C,1,0.271871,0.239683,0.423808
S(=O)(=O)(N1C[C@@H]([NH2+]CC1)[C@@H](O)[C@@H](NC(=O)c1cc(cc(c1)C)C(=O)N(CCC)CCC)Cc1cc(F)cc(F)c1)c1ccccc1,1,0.719102,0.631227,0.655910
Fc1cc(cc(F)c1)C[C@H](NC(=O)c1cc(cc(c1)C)C(=O)N(CCC)CCC)[C@H](O)[C@@H]1[NH2+]CN(Cc2ccccc2)C1=O,1,0.751637,0.589709,0.600346
Fc1cc(cc(F)c1)C[C@H](NC(=O)c1cc(cc(c1)C)C(=O)N(CCC)CCC)[C@H](O)[C@@H]1[NH2+]C[C@H](OCc2ccccc2)C1,1,0.726508,0.721927,0.751334
Fc1cc(cc(F)c1)C[C@H](NC(=O)c1cc(cc(c1)C)C(=O)N(CCC)CCC)[C@H](O)[C@@H]1[NH2+]CCN(Cc2ccccc2)C1=O,1,0.739111,0.587424,0.605623
Fc1cc(cc(F)c1)C[C@H](NC(=O)c1cc(cc(c1)C)C(=O)N(CCC)CCC)[C@H](O)[C@@H]1[NH2+]C[C@H](Oc2ccccc2)C1,1,0.711850,0.662187,0.780775
O=C1N(CCCC1)C(C)(C)[C@@H]1C[C@@H](CCC1)C(=O)N[C@H]([C@H](O)C[NH2+]Cc1cc(ccc1)C(C)C)Cc1ccccc1,1,0.419605,0.184117,0.314450
O1c2c(cc(cc2)CC)[C@@H]([NH2+]C[C@@H](O)[C@H]2NC(=O)C=3C=CC(=O)N(CCCCc4cc(C2)ccc4)C=3)CC12CCC2,1,0.618881,0.565447,0.709124
Fc1c2c(ccc1)[C@@]([NH+]=C2N)(C=1C=C(C)C(=O)N(C=1)CC)c1cc(ccc1)-c1cc(cnc1)C#CC,1,0.793286,0.778580,0.670001
S(=O)(=O)(CCCCC)C[C@@H](NC(=O)c1cccnc1)C(=O)N[C@H]([C@H](O)C[NH2+]Cc1cc(ccc1)CC)Cc1cc(F)cc(F)c1,1,0.653872,0.674650,0.629200
O1CC[C@@H](NC(=O)[C@@H](Cc2cc3cc(ccc3nc2N)-c2ccccc2C)C)CC1(C)C,1,0.390871,0.775687,0.653033
